{
    "parent": "item/generated",
    "textures": {
      "layer0": "minecraft:block/sunflower_front"
    },
    "overrides": 
    [
      {
        "predicate": {"custom_model_data":50}, "model": "item/slot_token_empty"
      },
      { 
        "predicate": {"custom_model_data":100}, "model": "item/slot_token_1"
      }, { 
        "predicate": {"custom_model_data":200}, "model": "item/slot_token_2"
      }, { 
        "predicate": {"custom_model_data":300}, "model": "item/slot_token_3"
      }
    ]
  }